{
  "successful_requests": 100,
  "slowest": 0.2970000000022992,
  "fastest": 0.125,
  "total_time": 1.7970000000022992,
  "requests_per_minute": 3339,
  "requests_per_second": 56
}