{
  "successful_requests": 100,
  "slowest": 0.34399999999732245,
  "fastest": 0.125,
  "total_time": 2.0469999999986612,
  "requests_per_minute": 2931,
  "requests_per_second": 49
}